Workbook

Sheet CHAB-2026_Cases
A1: Case_ID | B1: Benchmark_Year | C1: Source_Type | D1: Source_Citation | E1: Source_DOI_or_URL | F1: Guideline_Organization | G1: Guideline_Title | H1: Guideline_Year | I1: Guideline_Section_or_Recommendation_ID | J1: Primary_Disease_Domain | K1: Secondary_Disease_Domain | L1: Clinical_Condition | M1: Acute_or_Chronic | N1: Clinical_Scenario | O1: Primary_Clinical_Question | P1: Secondary_Clinical_Questions | Q1: Clinical_Complexity | R1: Diagnostic_Complexity | S1: Management_Complexity | T1: Safety_Criticality | U1: Differential_Diagnosis_Burden | V1: Guideline_Interpretation_Burden | W1: Multimodal_Information_Required | X1: ECG_Required | Y1: Laboratory_Data_Required | Z1: Imaging_Data_Required | AA1: Hemodynamic_Data_Required | AB1: Multiple_Decision_Steps | AC1: Emergency_Recognition_Required | AD1: Specialist_Escalation_Required | AE1: Guideline_Recommendation_Strength | AF1: Expected_Reasoning_Steps | AG1: Gold_Standard_Available | AH1: Gold_Standard_Source | AI1: Gold_Standard_Diagnosis | AJ1: Gold_Standard_Investigation_Strategy | AK1: Gold_Standard_Management | AL1: Gold_Standard_Safety_Considerations | AM1: Expert_Review_Required | AN1: Independent_Reviewers_Required | AO1: Adjudication_Required | AP1: Case_Eligibility | AQ1: Quality_Control_Status | AR1: Difficulty_Rationale | AS1: CCI_Diagnostic | AT1: CCI_Management | AU1: CCI_Differential | AV1: CCI_Guideline_Interpretation | AW1: CCI_Multimodal | AX1: CCI_Sequential_Decisions | AY1: CCI_Safety | AZ1: CCI_Emergency_Recognition | BA1: Case_Complexity_Index | BB1: Preliminary_Tier_by_Score | BC1: Expert_Tier_Override | BD1: Override_Reason | BE1: Reviewer_1_Status | BF1: Reviewer_2_Status | BG1: Reviewer_1_Decision | BH1: Reviewer_2_Decision | BI1: Reviewer_Disagreement | BJ1: Adjudication_Decision | BK1: Final_Approval_Date | BL1: Benchmark_Frozen | BM1: Frozen_Date | BN1: AI_Evaluation_Started | BO1: Row_Completeness_Check | BP1: Notes
A2: CHAB-001 | B2: 2026 | C2: Guideline-Derived | AM2: Yes | AN2: Minimum 2 | AO2: Yes | AP2: Pending | AQ2: Pending | BA2: =IF(COUNTA(AS2:AZ2)=0,"",SUM(AS2:AZ2)) | BB2: =IF(BA2="","",IF(BA2<=5,"Tier 1",IF(BA2<=10,"Tier 2","Tier 3"))) | BE2: =IF(COUNTA(AX2:BE2)=0,"",SUM(AX2:BE2)) | BF2: =IF(BE2="","",IF(BE2<=5,"Tier 1",IF(BE2<=10,"Tier 2","Tier 3"))) | BL2: No | BN2: No | BO2: =IF(COUNTA(C2,D2,F2,G2,H2,J2,L2,N2,O2,AG2,AH2,AI2,AJ2,AK2,AQ2,AR2)=16,"COMPLETE","INCOMPLETE")
A3: CHAB-002 | B3: 2026 | C3: Guideline-Derived | AM3: Yes | AN3: Minimum 2 | AO3: Yes | AP3: Pending | AQ3: Pending | BA3: =IF(COUNTA(AS3:AZ3)=0,"",SUM(AS3:AZ3)) | BB3: =IF(BA3="","",IF(BA3<=5,"Tier 1",IF(BA3<=10,"Tier 2","Tier 3"))) | BE3: =IF(COUNTA(AX3:BE3)=0,"",SUM(AX3:BE3)) | BF3: =IF(BE3="","",IF(BE3<=5,"Tier 1",IF(BE3<=10,"Tier 2","Tier 3"))) | BL3: No | BN3: No | BO3: =IF(COUNTA(C3,D3,F3,G3,H3,J3,L3,N3,O3,AG3,AH3,AI3,AJ3,AK3,AQ3,AR3)=16,"COMPLETE","INCOMPLETE")
A4: CHAB-003 | B4: 2026 | C4: Guideline-Derived | AM4: Yes | AN4: Minimum 2 | AO4: Yes | AP4: Pending | AQ4: Pending | BA4: =IF(COUNTA(AS4:AZ4)=0,"",SUM(AS4:AZ4)) | BB4: =IF(BA4="","",IF(BA4<=5,"Tier 1",IF(BA4<=10,"Tier 2","Tier 3"))) | BE4: =IF(COUNTA(AX4:BE4)=0,"",SUM(AX4:BE4)) | BF4: =IF(BE4="","",IF(BE4<=5,"Tier 1",IF(BE4<=10,"Tier 2","Tier 3"))) | BL4: No | BN4: No | BO4: =IF(COUNTA(C4,D4,F4,G4,H4,J4,L4,N4,O4,AG4,AH4,AI4,AJ4,AK4,AQ4,AR4)=16,"COMPLETE","INCOMPLETE")
A5: CHAB-004 | B5: 2026 | C5: Guideline-Derived | AM5: Yes | AN5: Minimum 2 | AO5: Yes | AP5: Pending | AQ5: Pending | BA5: =IF(COUNTA(AS5:AZ5)=0,"",SUM(AS5:AZ5)) | BB5: =IF(BA5="","",IF(BA5<=5,"Tier 1",IF(BA5<=10,"Tier 2","Tier 3"))) | BE5: =IF(COUNTA(AX5:BE5)=0,"",SUM(AX5:BE5)) | BF5: =IF(BE5="","",IF(BE5<=5,"Tier 1",IF(BE5<=10,"Tier 2","Tier 3"))) | BL5: No | BN5: No | BO5: =IF(COUNTA(C5,D5,F5,G5,H5,J5,L5,N5,O5,AG5,AH5,AI5,AJ5,AK5,AQ5,AR5)=16,"COMPLETE","INCOMPLETE")
A6: CHAB-005 | B6: 2026 | C6: Guideline-Derived | AM6: Yes | AN6: Minimum 2 | AO6: Yes | AP6: Pending | AQ6: Pending | BA6: =IF(COUNTA(AS6:AZ6)=0,"",SUM(AS6:AZ6)) | BB6: =IF(BA6="","",IF(BA6<=5,"Tier 1",IF(BA6<=10,"Tier 2","Tier 3"))) | BE6: =IF(COUNTA(AX6:BE6)=0,"",SUM(AX6:BE6)) | BF6: =IF(BE6="","",IF(BE6<=5,"Tier 1",IF(BE6<=10,"Tier 2","Tier 3"))) | BL6: No | BN6: No | BO6: =IF(COUNTA(C6,D6,F6,G6,H6,J6,L6,N6,O6,AG6,AH6,AI6,AJ6,AK6,AQ6,AR6)=16,"COMPLETE","INCOMPLETE")
A7: CHAB-006 | B7: 2026 | C7: Guideline-Derived | AM7: Yes | AN7: Minimum 2 | AO7: Yes | AP7: Pending | AQ7: Pending | BA7: =IF(COUNTA(AS7:AZ7)=0,"",SUM(AS7:AZ7)) | BB7: =IF(BA7="","",IF(BA7<=5,"Tier 1",IF(BA7<=10,"Tier 2","Tier 3"))) | BE7: =IF(COUNTA(AX7:BE7)=0,"",SUM(AX7:BE7)) | BF7: =IF(BE7="","",IF(BE7<=5,"Tier 1",IF(BE7<=10,"Tier 2","Tier 3"))) | BL7: No | BN7: No | BO7: =IF(COUNTA(C7,D7,F7,G7,H7,J7,L7,N7,O7,AG7,AH7,AI7,AJ7,AK7,AQ7,AR7)=16,"COMPLETE","INCOMPLETE")
A8: CHAB-007 | B8: 2026 | C8: Guideline-Derived | AM8: Yes | AN8: Minimum 2 | AO8: Yes | AP8: Pending | AQ8: Pending | BA8: =IF(COUNTA(AS8:AZ8)=0,"",SUM(AS8:AZ8)) | BB8: =IF(BA8="","",IF(BA8<=5,"Tier 1",IF(BA8<=10,"Tier 2","Tier 3"))) | BE8: =IF(COUNTA(AX8:BE8)=0,"",SUM(AX8:BE8)) | BF8: =IF(BE8="","",IF(BE8<=5,"Tier 1",IF(BE8<=10,"Tier 2","Tier 3"))) | BL8: No | BN8: No | BO8: =IF(COUNTA(C8,D8,F8,G8,H8,J8,L8,N8,O8,AG8,AH8,AI8,AJ8,AK8,AQ8,AR8)=16,"COMPLETE","INCOMPLETE")
A9: CHAB-008 | B9: 2026 | C9: Guideline-Derived | AM9: Yes | AN9: Minimum 2 | AO9: Yes | AP9: Pending | AQ9: Pending | BA9: =IF(COUNTA(AS9:AZ9)=0,"",SUM(AS9:AZ9)) | BB9: =IF(BA9="","",IF(BA9<=5,"Tier 1",IF(BA9<=10,"Tier 2","Tier 3"))) | BE9: =IF(COUNTA(AX9:BE9)=0,"",SUM(AX9:BE9)) | BF9: =IF(BE9="","",IF(BE9<=5,"Tier 1",IF(BE9<=10,"Tier 2","Tier 3"))) | BL9: No | BN9: No | BO9: =IF(COUNTA(C9,D9,F9,G9,H9,J9,L9,N9,O9,AG9,AH9,AI9,AJ9,AK9,AQ9,AR9)=16,"COMPLETE","INCOMPLETE")
A10: CHAB-009 | B10: 2026 | C10: Guideline-Derived | AM10: Yes | AN10: Minimum 2 | AO10: Yes | AP10: Pending | AQ10: Pending | BA10: =IF(COUNTA(AS10:AZ10)=0,"",SUM(AS10:AZ10)) | BB10: =IF(BA10="","",IF(BA10<=5,"Tier 1",IF(BA10<=10,"Tier 2","Tier 3"))) | BE10: =IF(COUNTA(AX10:BE10)=0,"",SUM(AX10:BE10)) | BF10: =IF(BE10="","",IF(BE10<=5,"Tier 1",IF(BE10<=10,"Tier 2","Tier 3"))) | BL10: No | BN10: No | BO10: =IF(COUNTA(C10,D10,F10,G10,H10,J10,L10,N10,O10,AG10,AH10,AI10,AJ10,AK10,AQ10,AR10)=16,"COMPLETE","INCOMPLETE")
A11: CHAB-010 | B11: 2026 | C11: Guideline-Derived | AM11: Yes | AN11: Minimum 2 | AO11: Yes | AP11: Pending | AQ11: Pending | BA11: =IF(COUNTA(AS11:AZ11)=0,"",SUM(AS11:AZ11)) | BB11: =IF(BA11="","",IF(BA11<=5,"Tier 1",IF(BA11<=10,"Tier 2","Tier 3"))) | BE11: =IF(COUNTA(AX11:BE11)=0,"",SUM(AX11:BE11)) | BF11: =IF(BE11="","",IF(BE11<=5,"Tier 1",IF(BE11<=10,"Tier 2","Tier 3"))) | BL11: No | BN11: No | BO11: =IF(COUNTA(C11,D11,F11,G11,H11,J11,L11,N11,O11,AG11,AH11,AI11,AJ11,AK11,AQ11,AR11)=16,"COMPLETE","INCOMPLETE")
A12: CHAB-011 | B12: 2026 | C12: Guideline-Derived | AM12: Yes | AN12: Minimum 2 | AO12: Yes | AP12: Pending | AQ12: Pending | BA12: =IF(COUNTA(AS12:AZ12)=0,"",SUM(AS12:AZ12)) | BB12: =IF(BA12="","",IF(BA12<=5,"Tier 1",IF(BA12<=10,"Tier 2","Tier 3"))) | BE12: =IF(COUNTA(AX12:BE12)=0,"",SUM(AX12:BE12)) | BF12: =IF(BE12="","",IF(BE12<=5,"Tier 1",IF(BE12<=10,"Tier 2","Tier 3"))) | BL12: No | BN12: No | BO12: =IF(COUNTA(C12,D12,F12,G12,H12,J12,L12,N12,O12,AG12,AH12,AI12,AJ12,AK12,AQ12,AR12)=16,"COMPLETE","INCOMPLETE")
A13: CHAB-012 | B13: 2026 | C13: Guideline-Derived | AM13: Yes | AN13: Minimum 2 | AO13: Yes | AP13: Pending | AQ13: Pending | BA13: =IF(COUNTA(AS13:AZ13)=0,"",SUM(AS13:AZ13)) | BB13: =IF(BA13="","",IF(BA13<=5,"Tier 1",IF(BA13<=10,"Tier 2","Tier 3"))) | BE13: =IF(COUNTA(AX13:BE13)=0,"",SUM(AX13:BE13)) | BF13: =IF(BE13="","",IF(BE13<=5,"Tier 1",IF(BE13<=10,"Tier 2","Tier 3"))) | BL13: No | BN13: No | BO13: =IF(COUNTA(C13,D13,F13,G13,H13,J13,L13,N13,O13,AG13,AH13,AI13,AJ13,AK13,AQ13,AR13)=16,"COMPLETE","INCOMPLETE")
... A57: CHAB-056 | B57: 2026 | C57: Guideline-Derived | AM57: Yes | AN57: Minimum 2 | AO57: Yes | AP57: Pending | AQ57: Pending | BA57: =IF(COUNTA(AS57:AZ57)=0,"",SUM(AS57:AZ57)) | BB57: =IF(BA57="","",IF(BA57<=5,"Tier 1",IF(BA57<=10,"Tier 2","Tier 3"))) | BE57: =IF(COUNTA(AX57:BE57)=0,"",SUM(AX57:BE57)) | BF57: =IF(BE57="","",IF(BE57<=5,"Tier 1",IF(BE57<=10,"Tier 2","Tier 3"))) | BL57: No | BN57: No | BO57: =IF(COUNTA(C57,D57,F57,G57,H57,J57,L57,N57,O57,AG57,AH57,AI57,AJ57,AK57,AQ57,AR57)=16,"COMPLETE","INCOMPLETE")

Sheet CHAB-2026_Legend
A1: CHAB-2026: Guideline-Derived Case Construction Protocol
A2: Purpose | B2: Construct and independently verify 56 original guideline-derived cardiology scenarios for the CHAB-2026 benchmark. Do not run AI evaluation during this stage.
A3: Benchmark composition | B3: 80 total cases: 56 guideline-derived (70%) + 24 published real-world cases (30%). This workbook covers the 56 guideline-derived cases only.
A4: Difficulty target | B4: Tier 1 ≈ 32; Tier 2 ≈ 28; Tier 3 ≈ 20. These are prespecified targets, not quotas that justify artificial reassignment.
A5: Tier 1 | B5: Foundational: common, well-defined presentations; straightforward guideline application.
A6: Tier 2 | B6: Intermediate: multiple variables, differential diagnosis, competing management considerations, or guideline interpretation.
A7: Tier 3 | B7: Expert: rare/atypical, safety-critical, multi-step, high diagnostic uncertainty, or specialist escalation.
A8: Case Complexity Index | B8: Eight domains scored 0–2: diagnostic complexity; management complexity; differential burden; guideline interpretation; multimodal burden; sequential decisions; safety criticality; emergency recognition. Total 0–16.
A9: Preliminary tier | B9: 0–5 = Tier 1; 6–10 = Tier 2; 11–16 = Tier 3. Expert override is permitted only with documented rationale.
A10: Source hierarchy | B10: Prefer authoritative ESC and ACC/AHA guidelines; use official or primary sources whenever possible. Do not fabricate citations or recommendation classes.
A11: Gold standard | B11: Must be established independently from the AI systems being evaluated. AI outputs must not influence the gold standard.
A12: QC pipeline | B12: Pending → Reviewed → Approved. Independent clinical review by at least two cardiology-trained reviewers; disagreements are documented and adjudicated.
A13: Benchmark freeze | B13: Do not freeze until all 56 guideline cases and later 24 published cases are complete, verified, adjudicated, and approved.

Sheet CHAB-2026_Summary
A1: CHAB-2026 Guideline-Derived Case Construction Validation
A2: Metric | B2: Value
A3: Guideline-derived cases (target 56) | B3: =COUNTIF('CHAB-2026_Cases'!C2:C57,"Guideline-Derived")
A4: Unique Case IDs (target 56) | B4: =SUMPRODUCT(--(COUNTIF('CHAB-2026_Cases'!A2:A57,'CHAB-2026_Cases'!A2:A57)=1))
A5: Cases with verified source citation | B5: =COUNTIF('CHAB-2026_Cases'!D2:D57,"<>")
A6: Cases with gold standard | B6: =COUNTIF('CHAB-2026_Cases'!AG2:AG57,"Yes")
A7: Cases Included | B7: =COUNTIF('CHAB-2026_Cases'!AP2:AP57,"Include")
A8: Cases Approved | B8: =COUNTIF('CHAB-2026_Cases'!AQ2:AQ57,"Approved")
A9: Cases Reviewed | B9: =COUNTIF('CHAB-2026_Cases'!AQ2:AQ57,"Reviewed")
A10: Cases Incomplete | B10: =COUNTIF('CHAB-2026_Cases'!BO2:BO57,"INCOMPLETE")
A12: Preliminary tier | B12: Count
A13: Tier 1 | B13: =COUNTIF('CHAB-2026_Cases'!BF2:BF57,"Tier 1")
A14: Tier 2 | B14: =COUNTIF('CHAB-2026_Cases'!BF2:BF57,"Tier 2")
A15: Tier 3 | B15: =COUNTIF('CHAB-2026_Cases'!BF2:BF57,"Tier 3")
A17: Primary disease domain | B17: Count | C17: Percent
A18: Acute Coronary Syndromes | B18: =COUNTIF('CHAB-2026_Cases'!J2:J57,"Acute Coronary Syndromes") | C18: =IF(B18=0,0,B18/56)
A19: Heart Failure | B19: =COUNTIF('CHAB-2026_Cases'!J2:J57,"Heart Failure") | C19: =IF(B19=0,0,B19/56)
A20: Atrial Fibrillation and Supraventricular Arrhythmias | B20: =COUNTIF('CHAB-2026_Cases'!J2:J57,"Atrial Fibrillation and Supraventricular Arrhythmias") | C20: =IF(B20=0,0,B20/56)
A21: Ventricular Arrhythmias and Electrophysiology | B21: =COUNTIF('CHAB-2026_Cases'!J2:J57,"Ventricular Arrhythmias and Electrophysiology") | C21: =IF(B21=0,0,B21/56)
A22: Valvular Heart Disease | B22: =COUNTIF('CHAB-2026_Cases'!J2:J57,"Valvular Heart Disease") | C22: =IF(B22=0,0,B22/56)
A23: Cardiomyopathies | B23: =COUNTIF('CHAB-2026_Cases'!J2:J57,"Cardiomyopathies") | C23: =IF(B23=0,0,B23/56)
A24: Congenital Heart Disease | B24: =COUNTIF('CHAB-2026_Cases'!J2:J57,"Congenital Heart Disease") | C24: =IF(B24=0,0,B24/56)
A25: Hypertension and Cardiovascular Prevention | B25: =COUNTIF('CHAB-2026_Cases'!J2:J57,"Hypertension and Cardiovascular Prevention") | C25: =IF(B25=0,0,B25/56)
A26: Pulmonary Vascular Disease | B26: =COUNTIF('CHAB-2026_Cases'!J2:J57,"Pulmonary Vascular Disease") | C26: =IF(B26=0,0,B26/56)
A27: Cardiovascular Emergencies | B27: =COUNTIF('CHAB-2026_Cases'!J2:J57,"Cardiovascular Emergencies") | C27: =IF(B27=0,0,B27/56)
A29: QC status | B29: Count
A30: Pending | B30: =COUNTIF('CHAB-2026_Cases'!AQ2:AQ57,"Pending")
A31: Reviewed | B31: =COUNTIF('CHAB-2026_Cases'!AQ2:AQ57,"Reviewed")
A32: Approved | B32: =COUNTIF('CHAB-2026_Cases'!AQ2:AQ57,"Approved")
A34: Important methodological note | B34: This workbook intentionally contains no fabricated clinical cases, guideline citations, expert scores, or AI results. Populate and independently verify the 56 guideline-derived cases first; construct the 24 published cases separately; freeze the complete 80-case benchmark before AI evaluation.
